{
  "global_min": [
    -2232.05712890625,
    5.155376434326172,
    -3199.8779296875,
    -1760.89111328125
  ],
  "global_max": [
    950.345947265625,
    1474.035888671875,
    421.7593688964844,
    3199.8779296875
  ]
}