{
  "global_min": [
    -116.65803527832031,
    7.326175689697266,
    -1472.3125,
    15.503166198730469
  ],
  "global_max": [
    117.62088012695312,
    644.184814453125,
    -3.7842373847961426,
    3153.490478515625
  ]
}