{
  "global_min": [
    -2232.05712890625,
    5.155376434326172,
    -2971.60302734375,
    -1760.89111328125
  ],
  "global_max": [
    487.0997314453125,
    644.184814453125,
    421.7593688964844,
    3153.490478515625
  ]
}