{
  "global_min": [
    0.6093103289604187,
    0.3821081817150116,
    0.16012747585773468,
    0.0,
    0.03319839760661125
  ],
  "global_max": [
    328.14111328125,
    98.6516342163086,
    24.822742462158203,
    0.0,
    31.745529174804688
  ]
}